x0,y0,x1,y1,x2,y2,x3,y3,x4,y4,x5,y5,x6,y6,x7,y7,x8,y8,x9,y9,landing_x
218.0,170.0,224.0,171.0,231.0,172.0,237.0,174.0,243.0,176.0,249.0,179.0,255.0,182.0,261.0,186.0,267.0,190.0,273.0,195.0,418.0
385.0,117.0,380.0,114.0,375.0,112.0,370.0,110.0,366.0,109.0,361.0,108.0,356.0,108.0,351.0,108.0,346.0,109.0,342.0,110.0,179.0
251.0,264.0,253.0,265.0,255.0,266.0,257.0,268.0,259.0,270.0,261.0,273.0,263.0,276.0,265.0,280.0,267.0,284.0,268.0,289.0,302.0
250.0,116.0,256.0,115.0,263.0,116.0,270.0,116.0,277.0,118.0,284.0,119.0,291.0,122.0,297.0,125.0,304.0,128.0,311.0,132.0,509.0
368.0,211.0,377.0,211.0,386.0,211.0,395.0,212.0,404.0,213.0,413.0,215.0,423.0,217.0,432.0,220.0,441.0,224.0,450.0,228.0,659.0
362.0,123.0,366.0,122.0,371.0,122.0,376.0,122.0,380.0,123.0,385.0,125.0,390.0,127.0,394.0,129.0,399.0,132.0,404.0,136.0,539.0
240.0,184.0,237.0,186.0,234.0,187.0,231.0,189.0,228.0,192.0,225.0,195.0,222.0,199.0,219.0,203.0,216.0,208.0,213.0,213.0,147.0
278.0,189.0,269.0,188.0,259.0,188.0,249.0,187.0,239.0,188.0,229.0,189.0,220.0,190.0,210.0,192.0,200.0,195.0,190.0,198.0,-63.0
284.0,196.0,286.0,195.0,288.0,195.0,290.0,196.0,292.0,197.0,294.0,198.0,296.0,200.0,298.0,203.0,300.0,206.0,302.0,209.0,354.0
311.0,173.0,302.0,172.0,293.0,172.0,284.0,172.0,276.0,173.0,267.0,174.0,258.0,176.0,249.0,179.0,240.0,182.0,232.0,185.0,-4.0
353.0,196.0,343.0,190.0,334.0,185.0,324.0,181.0,314.0,177.0,304.0,174.0,294.0,171.0,284.0,169.0,274.0,167.0,265.0,166.0,-88.0
231.0,203.0,222.0,201.0,212.0,200.0,203.0,199.0,193.0,199.0,184.0,199.0,174.0,200.0,165.0,202.0,156.0,203.0,146.0,206.0,-107.0
282.0,247.0,274.0,241.0,265.0,236.0,257.0,232.0,249.0,228.0,240.0,225.0,232.0,222.0,224.0,219.0,215.0,217.0,207.0,216.0,-66.0
277.0,194.0,281.0,190.0,286.0,186.0,290.0,183.0,294.0,180.0,298.0,178.0,302.0,176.0,307.0,175.0,311.0,174.0,315.0,174.0,454.0
416.0,246.0,410.0,246.0,404.0,247.0,398.0,248.0,392.0,250.0,386.0,252.0,380.0,255.0,374.0,259.0,368.0,263.0,362.0,267.0,241.0
238.0,264.0,228.0,257.0,219.0,251.0,210.0,246.0,200.0,241.0,191.0,237.0,181.0,233.0,172.0,229.0,162.0,226.0,153.0,224.0,-177.0
418.0,184.0,409.0,185.0,399.0,185.0,390.0,187.0,380.0,189.0,370.0,191.0,361.0,194.0,351.0,198.0,342.0,202.0,332.0,207.0,103.0
265.0,184.0,272.0,183.0,280.0,184.0,287.0,184.0,294.0,185.0,301.0,187.0,308.0,189.0,315.0,192.0,322.0,196.0,329.0,199.0,507.0
407.0,142.0,413.0,143.0,420.0,145.0,426.0,147.0,433.0,150.0,439.0,153.0,446.0,157.0,452.0,161.0,458.0,166.0,465.0,171.0,625.0
266.0,129.0,270.0,127.0,273.0,125.0,277.0,124.0,280.0,123.0,284.0,123.0,287.0,123.0,291.0,124.0,294.0,126.0,298.0,128.0,408.0
310.0,230.0,311.0,231.0,313.0,232.0,314.0,233.0,315.0,235.0,317.0,238.0,318.0,241.0,319.0,245.0,321.0,249.0,322.0,253.0,350.0
396.0,198.0,388.0,192.0,379.0,186.0,371.0,181.0,362.0,176.0,354.0,172.0,345.0,168.0,337.0,165.0,329.0,163.0,320.0,160.0,1.0
387.0,225.0,382.0,222.0,377.0,220.0,372.0,218.0,367.0,217.0,362.0,217.0,356.0,217.0,351.0,217.0,346.0,218.0,341.0,220.0,196.0
348.0,257.0,341.0,258.0,335.0,259.0,328.0,261.0,322.0,263.0,315.0,266.0,309.0,269.0,302.0,273.0,295.0,277.0,289.0,282.0,165.0
418.0,166.0,426.0,161.0,434.0,156.0,441.0,152.0,449.0,148.0,456.0,145.0,464.0,143.0,472.0,140.0,479.0,139.0,487.0,138.0,766.0
367.0,227.0,358.0,227.0,350.0,228.0,341.0,229.0,332.0,231.0,324.0,233.0,315.0,236.0,306.0,239.0,298.0,243.0,289.0,248.0,100.0
329.0,233.0,326.0,232.0,323.0,233.0,321.0,233.0,318.0,234.0,315.0,236.0,312.0,238.0,310.0,241.0,307.0,244.0,304.0,248.0,244.0
422.0,226.0,431.0,227.0,440.0,228.0,449.0,229.0,458.0,231.0,467.0,234.0,477.0,237.0,486.0,240.0,495.0,244.0,504.0,249.0,696.0
393.0,164.0,391.0,164.0,389.0,165.0,387.0,166.0,385.0,167.0,383.0,169.0,381.0,171.0,379.0,174.0,377.0,178.0,375.0,182.0,323.0
358.0,227.0,349.0,227.0,340.0,227.0,332.0,228.0,323.0,229.0,314.0,231.0,306.0,233.0,297.0,236.0,288.0,240.0,280.0,244.0,89.0
396.0,163.0,392.0,162.0,389.0,161.0,386.0,160.0,382.0,161.0,379.0,161.0,376.0,162.0,372.0,164.0,369.0,166.0,366.0,169.0,269.0
332.0,242.0,335.0,242.0,337.0,243.0,340.0,244.0,343.0,245.0,346.0,247.0,348.0,250.0,351.0,253.0,354.0,256.0,357.0,261.0,415.0
313.0,228.0,318.0,229.0,323.0,229.0,328.0,231.0,334.0,232.0,339.0,235.0,344.0,238.0,349.0,241.0,354.0,245.0,359.0,249.0,466.0
421.0,250.0,423.0,251.0,424.0,253.0,426.0,255.0,427.0,258.0,429.0,261.0,430.0,265.0,432.0,269.0,433.0,274.0,435.0,280.0,462.0
309.0,192.0,300.0,193.0,290.0,194.0,281.0,196.0,272.0,199.0,263.0,202.0,254.0,205.0,245.0,209.0,235.0,214.0,226.0,219.0,25.0
319.0,238.0,319.0,239.0,318.0,240.0,317.0,242.0,316.0,244.0,316.0,247.0,315.0,251.0,314.0,255.0,314.0,259.0,313.0,264.0,298.0
390.0,168.0,396.0,163.0,401.0,159.0,406.0,155.0,411.0,152.0,417.0,149.0,422.0,147.0,427.0,145.0,432.0,144.0,437.0,143.0,624.0
360.0,140.0,352.0,141.0,345.0,142.0,337.0,144.0,329.0,147.0,321.0,149.0,313.0,153.0,305.0,157.0,297.0,161.0,289.0,166.0,83.0
356.0,256.0,351.0,257.0,345.0,259.0,339.0,261.0,334.0,264.0,328.0,267.0,323.0,271.0,317.0,275.0,312.0,280.0,306.0,285.0,206.0
394.0,220.0,387.0,218.0,379.0,216.0,372.0,215.0,364.0,214.0,357.0,213.0,349.0,213.0,342.0,214.0,334.0,215.0,327.0,217.0,125.0
228.0,148.0,238.0,150.0,247.0,152.0,256.0,154.0,265.0,157.0,275.0,161.0,284.0,165.0,293.0,169.0,302.0,175.0,312.0,180.0,533.0
360.0,219.0,368.0,216.0,377.0,213.0,385.0,211.0,394.0,210.0,403.0,209.0,411.0,208.0,420.0,208.0,428.0,209.0,437.0,210.0,686.0
391.0,233.0,396.0,232.0,401.0,232.0,406.0,233.0,411.0,234.0,416.0,235.0,420.0,237.0,425.0,240.0,430.0,243.0,435.0,247.0,547.0
343.0,285.0,344.0,279.0,346.0,274.0,347.0,269.0,349.0,265.0,350.0,261.0,352.0,258.0,353.0,255.0,354.0,253.0,356.0,252.0,401.0
299.0,282.0,303.0,276.0,308.0,270.0,312.0,265.0,316.0,261.0,320.0,257.0,324.0,253.0,328.0,250.0,332.0,248.0,336.0,246.0,466.0
256.0,165.0,256.0,166.0,255.0,168.0,255.0,170.0,254.0,172.0,254.0,175.0,253.0,178.0,252.0,182.0,252.0,187.0,251.0,192.0,238.0
422.0,179.0,429.0,175.0,436.0,171.0,444.0,168.0,451.0,166.0,459.0,164.0,466.0,163.0,473.0,162.0,481.0,162.0,488.0,162.0,730.0
409.0,199.0,414.0,198.0,418.0,198.0,423.0,198.0,428.0,199.0,433.0,200.0,438.0,202.0,443.0,205.0,447.0,208.0,452.0,211.0,572.0
344.0,220.0,344.0,214.0,344.0,209.0,343.0,205.0,343.0,201.0,342.0,197.0,342.0,194.0,342.0,192.0,341.0,190.0,341.0,188.0,327.0
217.0,218.0,220.0,213.0,224.0,208.0,228.0,204.0,232.0,201.0,236.0,198.0,240.0,195.0,244.0,193.0,248.0,192.0,252.0,191.0,387.0
360.0,204.0,351.0,198.0,342.0,192.0,333.0,187.0,325.0,183.0,316.0,179.0,307.0,176.0,298.0,173.0,289.0,170.0,280.0,169.0,-46.0
291.0,267.0,298.0,268.0,306.0,269.0,313.0,271.0,320.0,273.0,328.0,275.0,335.0,278.0,343.0,282.0,350.0,286.0,357.0,291.0,491.0
401.0,117.0,401.0,112.0,402.0,109.0,402.0,105.0,402.0,102.0,402.0,100.0,403.0,98.0,403.0,97.0,403.0,96.0,403.0,95.0,414.0
294.0,245.0,290.0,246.0,286.0,247.0,281.0,248.0,277.0,250.0,272.0,253.0,268.0,256.0,264.0,259.0,259.0,263.0,255.0,268.0,168.0
338.0,269.0,343.0,265.0,347.0,262.0,352.0,260.0,357.0,258.0,362.0,256.0,367.0,256.0,371.0,255.0,376.0,255.0,381.0,256.0,510.0
342.0,231.0,337.0,227.0,333.0,224.0,328.0,222.0,324.0,220.0,319.0,218.0,315.0,217.0,310.0,217.0,306.0,217.0,301.0,217.0,170.0
350.0,281.0,348.0,279.0,345.0,278.0,343.0,278.0,341.0,278.0,339.0,278.0,336.0,279.0,334.0,281.0,332.0,283.0,330.0,286.0,283.0
298.0,232.0,307.0,232.0,315.0,233.0,324.0,234.0,332.0,236.0,341.0,238.0,349.0,241.0,358.0,244.0,366.0,248.0,375.0,252.0,554.0
385.0,166.0,383.0,164.0,381.0,163.0,379.0,162.0,377.0,161.0,375.0,162.0,373.0,162.0,371.0,163.0,368.0,165.0,366.0,167.0,304.0
252.0,149.0,261.0,145.0,271.0,143.0,281.0,140.0,291.0,138.0,301.0,137.0,311.0,137.0,321.0,136.0,331.0,137.0,341.0,138.0,678.0
326.0,208.0,317.0,207.0,308.0,208.0,299.0,209.0,290.0,210.0,282.0,212.0,273.0,214.0,264.0,217.0,255.0,221.0,246.0,225.0,33.0
292.0,158.0,300.0,158.0,308.0,158.0,316.0,158.0,324.0,159.0,333.0,161.0,341.0,163.0,349.0,166.0,357.0,169.0,366.0,173.0,587.0
385.0,123.0,382.0,118.0,379.0,114.0,375.0,110.0,372.0,107.0,368.0,104.0,365.0,102.0,361.0,100.0,358.0,99.0,354.0,98.0,223.0
312.0,275.0,310.0,269.0,308.0,264.0,307.0,259.0,305.0,254.0,303.0,250.0,302.0,247.0,300.0,244.0,298.0,242.0,296.0,240.0,240.0
316.0,170.0,320.0,171.0,324.0,173.0,328.0,176.0,333.0,179.0,337.0,182.0,341.0,186.0,345.0,191.0,350.0,196.0,354.0,201.0,451.0
272.0,175.0,279.0,169.0,285.0,164.0,291.0,160.0,298.0,156.0,304.0,153.0,310.0,150.0,317.0,147.0,323.0,146.0,329.0,144.0,563.0
392.0,145.0,395.0,146.0,398.0,148.0,401.0,149.0,404.0,152.0,407.0,155.0,410.0,158.0,414.0,162.0,417.0,166.0,420.0,171.0,498.0
368.0,148.0,366.0,142.0,365.0,136.0,363.0,131.0,362.0,126.0,360.0,122.0,359.0,118.0,357.0,115.0,356.0,113.0,354.0,110.0,293.0
310.0,234.0,306.0,230.0,302.0,227.0,298.0,224.0,295.0,222.0,291.0,221.0,287.0,220.0,283.0,219.0,279.0,219.0,276.0,220.0,165.0
240.0,167.0,239.0,166.0,239.0,166.0,238.0,167.0,238.0,168.0,238.0,170.0,237.0,172.0,237.0,175.0,236.0,178.0,236.0,182.0,225.0
367.0,134.0,368.0,130.0,370.0,127.0,372.0,125.0,374.0,123.0,376.0,122.0,378.0,121.0,380.0,121.0,382.0,121.0,384.0,122.0,451.0
301.0,139.0,292.0,140.0,283.0,141.0,274.0,143.0,265.0,146.0,256.0,149.0,247.0,153.0,238.0,157.0,229.0,162.0,220.0,168.0,-2.0
387.0,227.0,383.0,227.0,380.0,227.0,377.0,228.0,374.0,229.0,370.0,231.0,367.0,233.0,364.0,236.0,361.0,239.0,357.0,243.0,282.0
399.0,252.0,394.0,246.0,390.0,241.0,386.0,237.0,381.0,233.0,377.0,230.0,372.0,227.0,368.0,225.0,363.0,223.0,359.0,222.0,213.0
296.0,122.0,299.0,116.0,302.0,110.0,305.0,105.0,308.0,101.0,311.0,97.0,314.0,94.0,317.0,91.0,320.0,89.0,323.0,87.0,447.0
344.0,176.0,337.0,172.0,330.0,169.0,323.0,166.0,316.0,164.0,309.0,162.0,302.0,161.0,295.0,160.0,288.0,160.0,281.0,160.0,52.0
226.0,158.0,224.0,158.0,222.0,158.0,219.0,160.0,217.0,161.0,215.0,164.0,213.0,166.0,210.0,170.0,208.0,174.0,206.0,178.0,147.0
338.0,156.0,339.0,157.0,341.0,159.0,342.0,161.0,344.0,163.0,345.0,166.0,347.0,170.0,348.0,174.0,349.0,178.0,351.0,184.0,386.0
288.0,175.0,294.0,175.0,300.0,176.0,306.0,177.0,312.0,178.0,318.0,180.0,324.0,183.0,330.0,186.0,336.0,190.0,342.0,194.0,491.0
382.0,221.0,385.0,222.0,389.0,223.0,392.0,225.0,395.0,228.0,399.0,231.0,402.0,234.0,406.0,238.0,409.0,243.0,413.0,248.0,484.0
393.0,271.0,403.0,271.0,412.0,271.0,421.0,271.0,431.0,273.0,440.0,274.0,450.0,277.0,459.0,279.0,468.0,283.0,478.0,287.0,665.0
316.0,134.0,317.0,132.0,318.0,131.0,319.0,131.0,321.0,131.0,322.0,131.0,323.0,132.0,324.0,134.0,325.0,136.0,327.0,139.0,362.0
316.0,211.0,309.0,211.0,303.0,213.0,297.0,215.0,290.0,217.0,284.0,220.0,277.0,224.0,271.0,228.0,264.0,232.0,258.0,237.0,122.0
418.0,248.0,424.0,246.0,429.0,244.0,434.0,243.0,439.0,243.0,444.0,243.0,449.0,244.0,454.0,245.0,459.0,247.0,464.0,249.0,592.0
366.0,261.0,362.0,257.0,358.0,254.0,355.0,251.0,351.0,249.0,347.0,247.0,344.0,245.0,340.0,245.0,336.0,245.0,333.0,245.0,231.0
214.0,128.0,212.0,123.0,210.0,119.0,209.0,116.0,207.0,113.0,205.0,111.0,204.0,109.0,202.0,108.0,200.0,107.0,199.0,106.0,137.0
218.0,278.0,219.0,274.0,219.0,271.0,220.0,268.0,220.0,266.0,221.0,264.0,221.0,263.0,222.0,263.0,222.0,263.0,223.0,263.0,236.0
310.0,255.0,318.0,256.0,327.0,257.0,336.0,259.0,344.0,261.0,353.0,264.0,362.0,267.0,370.0,271.0,379.0,275.0,388.0,280.0,552.0
278.0,138.0,275.0,139.0,272.0,140.0,269.0,142.0,266.0,145.0,263.0,148.0,260.0,151.0,257.0,155.0,253.0,160.0,250.0,165.0,172.0
254.0,118.0,245.0,117.0,236.0,115.0,227.0,114.0,218.0,114.0,209.0,114.0,200.0,115.0,192.0,116.0,183.0,118.0,174.0,121.0,-108.0
371.0,262.0,376.0,259.0,382.0,257.0,388.0,255.0,393.0,253.0,399.0,252.0,405.0,252.0,411.0,252.0,416.0,253.0,422.0,254.0,569.0
267.0,223.0,270.0,223.0,273.0,223.0,276.0,224.0,279.0,225.0,282.0,227.0,285.0,229.0,288.0,232.0,291.0,235.0,294.0,239.0,364.0
217.0,146.0,211.0,147.0,205.0,148.0,200.0,150.0,194.0,152.0,189.0,155.0,183.0,159.0,177.0,163.0,172.0,167.0,166.0,172.0,27.0
262.0,221.0,254.0,220.0,246.0,220.0,238.0,220.0,230.0,221.0,222.0,223.0,214.0,224.0,206.0,227.0,198.0,230.0,190.0,233.0,-1.0
327.0,284.0,320.0,279.0,312.0,275.0,305.0,271.0,297.0,268.0,290.0,265.0,282.0,263.0,275.0,262.0,268.0,261.0,260.0,260.0,45.0
364.0,140.0,363.0,142.0,361.0,143.0,359.0,146.0,358.0,149.0,356.0,152.0,354.0,156.0,353.0,161.0,351.0,166.0,349.0,171.0,309.0
335.0,198.0,333.0,200.0,331.0,202.0,329.0,204.0,327.0,207.0,325.0,210.0,323.0,214.0,321.0,218.0,319.0,223.0,317.0,229.0,275.0
362.0,185.0,368.0,179.0,373.0,174.0,379.0,169.0,384.0,164.0,389.0,160.0,395.0,157.0,400.0,154.0,406.0,152.0,411.0,150.0,617.0
310.0,203.0,313.0,197.0,315.0,192.0,318.0,187.0,320.0,183.0,323.0,179.0,325.0,176.0,328.0,173.0,330.0,171.0,333.0,169.0,424.0
251.0,219.0,251.0,217.0,251.0,215.0,252.0,213.0,252.0,213.0,252.0,212.0,253.0,213.0,253.0,213.0,253.0,215.0,253.0,216.0,261.0
409.0,152.0,413.0,148.0,417.0,145.0,421.0,142.0,425.0,140.0,429.0,139.0,433.0,138.0,437.0,138.0,441.0,138.0,445.0,138.0,581.0
268.0,193.0,263.0,190.0,258.0,188.0,253.0,186.0,248.0,185.0,243.0,184.0,238.0,184.0,233.0,184.0,228.0,185.0,223.0,186.0,75.0
407.0,244.0,413.0,238.0,419.0,233.0,425.0,228.0,431.0,223.0,437.0,220.0,443.0,216.0,449.0,214.0,455.0,212.0,461.0,210.0,663.0
314.0,258.0,316.0,255.0,317.0,252.0,319.0,251.0,321.0,249.0,323.0,248.0,324.0,248.0,326.0,248.0,328.0,249.0,330.0,250.0,374.0
303.0,123.0,307.0,123.0,311.0,124.0,315.0,126.0,319.0,128.0,322.0,130.0,326.0,133.0,330.0,137.0,334.0,141.0,338.0,146.0,443.0
304.0,132.0,312.0,130.0,319.0,128.0,327.0,126.0,334.0,126.0,341.0,126.0,349.0,126.0,356.0,127.0,364.0,128.0,371.0,130.0,609.0
270.0,199.0,272.0,200.0,275.0,202.0,277.0,205.0,280.0,207.0,282.0,211.0,285.0,215.0,288.0,219.0,290.0,224.0,293.0,229.0,346.0
242.0,203.0,242.0,204.0,242.0,206.0,242.0,208.0,241.0,211.0,241.0,215.0,241.0,219.0,240.0,223.0,240.0,228.0,240.0,234.0,233.0
421.0,279.0,421.0,281.0,422.0,283.0,422.0,285.0,422.0,288.0,422.0,292.0,423.0,296.0,423.0,300.0,423.0,305.0,423.0,311.0,427.0
248.0,213.0,253.0,214.0,258.0,216.0,263.0,218.0,268.0,221.0,273.0,224.0,278.0,228.0,283.0,232.0,289.0,237.0,294.0,242.0,401.0
254.0,248.0,250.0,246.0,247.0,244.0,243.0,242.0,239.0,241.0,235.0,241.0,232.0,241.0,228.0,242.0,224.0,243.0,221.0,245.0,124.0
328.0,247.0,334.0,245.0,340.0,244.0,346.0,243.0,352.0,243.0,357.0,243.0,363.0,244.0,369.0,245.0,375.0,247.0,381.0,249.0,519.0
373.0,119.0,374.0,115.0,376.0,112.0,378.0,109.0,379.0,107.0,381.0,106.0,382.0,105.0,384.0,104.0,386.0,104.0,387.0,105.0,445.0
376.0,170.0,368.0,171.0,361.0,172.0,354.0,174.0,346.0,177.0,339.0,180.0,332.0,183.0,324.0,187.0,317.0,192.0,310.0,197.0,135.0
262.0,212.0,263.0,212.0,264.0,212.0,265.0,212.0,266.0,214.0,267.0,215.0,268.0,217.0,269.0,220.0,269.0,223.0,270.0,227.0,292.0
353.0,185.0,356.0,186.0,359.0,187.0,363.0,189.0,366.0,191.0,369.0,194.0,373.0,198.0,376.0,202.0,380.0,206.0,383.0,211.0,460.0
349.0,255.0,354.0,249.0,359.0,245.0,364.0,240.0,369.0,237.0,375.0,233.0,380.0,231.0,385.0,229.0,390.0,227.0,395.0,226.0,556.0
382.0,145.0,381.0,139.0,381.0,134.0,380.0,130.0,380.0,126.0,380.0,123.0,379.0,120.0,379.0,118.0,379.0,116.0,378.0,115.0,364.0
317.0,219.0,313.0,218.0,309.0,218.0,306.0,219.0,302.0,220.0,298.0,222.0,295.0,225.0,291.0,227.0,288.0,231.0,284.0,235.0,201.0
262.0,182.0,262.0,176.0,263.0,171.0,263.0,167.0,263.0,163.0,263.0,160.0,263.0,158.0,263.0,155.0,264.0,154.0,264.0,153.0,269.0
415.0,256.0,420.0,254.0,425.0,251.0,430.0,249.0,435.0,248.0,440.0,247.0,445.0,247.0,450.0,247.0,455.0,248.0,460.0,249.0,591.0
291.0,141.0,294.0,136.0,296.0,131.0,299.0,127.0,301.0,123.0,303.0,120.0,306.0,117.0,308.0,115.0,311.0,113.0,313.0,112.0,407.0
361.0,194.0,359.0,191.0,358.0,188.0,357.0,186.0,356.0,184.0,355.0,183.0,353.0,183.0,352.0,183.0,351.0,183.0,350.0,184.0,313.0
328.0,150.0,327.0,145.0,327.0,139.0,326.0,134.0,325.0,130.0,325.0,126.0,324.0,123.0,324.0,120.0,323.0,118.0,322.0,116.0,299.0
378.0,225.0,378.0,227.0,377.0,229.0,377.0,231.0,376.0,234.0,376.0,238.0,375.0,242.0,375.0,246.0,375.0,251.0,374.0,257.0,366.0
413.0,287.0,421.0,284.0,430.0,282.0,438.0,280.0,447.0,278.0,455.0,277.0,464.0,277.0,472.0,277.0,481.0,277.0,489.0,279.0,693.0
251.0,226.0,248.0,225.0,244.0,225.0,240.0,225.0,236.0,226.0,233.0,228.0,229.0,229.0,225.0,232.0,221.0,235.0,218.0,238.0,132.0
366.0,226.0,366.0,226.0,366.0,226.0,366.0,227.0,366.0,228.0,365.0,229.0,365.0,232.0,365.0,234.0,365.0,238.0,365.0,241.0,360.0
339.0,162.0,341.0,162.0,342.0,163.0,344.0,163.0,346.0,165.0,347.0,166.0,349.0,169.0,350.0,172.0,352.0,175.0,354.0,179.0,395.0
243.0,184.0,248.0,185.0,253.0,186.0,258.0,188.0,263.0,190.0,268.0,192.0,273.0,196.0,278.0,199.0,283.0,204.0,288.0,208.0,403.0
425.0,166.0,427.0,164.0,429.0,163.0,431.0,162.0,433.0,162.0,434.0,163.0,436.0,164.0,438.0,165.0,440.0,167.0,442.0,170.0,494.0
222.0,160.0,224.0,159.0,226.0,158.0,229.0,158.0,231.0,159.0,233.0,160.0,235.0,162.0,237.0,164.0,239.0,167.0,242.0,170.0,302.0
379.0,177.0,377.0,176.0,375.0,175.0,373.0,174.0,371.0,174.0,369.0,175.0,367.0,176.0,365.0,177.0,363.0,180.0,361.0,182.0,307.0
374.0,192.0,375.0,193.0,377.0,194.0,378.0,196.0,380.0,199.0,381.0,202.0,382.0,206.0,384.0,210.0,385.0,215.0,387.0,220.0,418.0
331.0,236.0,324.0,231.0,317.0,225.0,309.0,221.0,302.0,217.0,295.0,213.0,287.0,210.0,280.0,207.0,273.0,205.0,266.0,204.0,17.0
398.0,243.0,398.0,242.0,399.0,242.0,399.0,242.0,399.0,243.0,399.0,245.0,399.0,247.0,399.0,249.0,399.0,252.0,399.0,256.0,402.0
376.0,189.0,371.0,185.0,365.0,182.0,360.0,179.0,355.0,177.0,349.0,176.0,344.0,174.0,338.0,174.0,333.0,174.0,327.0,174.0,153.0
330.0,220.0,338.0,217.0,345.0,215.0,353.0,213.0,361.0,212.0,368.0,211.0,376.0,210.0,384.0,211.0,391.0,211.0,399.0,212.0,620.0
288.0,202.0,297.0,200.0,307.0,199.0,316.0,199.0,326.0,199.0,335.0,200.0,345.0,201.0,354.0,202.0,364.0,205.0,373.0,207.0,618.0
360.0,173.0,357.0,168.0,355.0,163.0,353.0,159.0,350.0,155.0,348.0,152.0,346.0,149.0,344.0,147.0,341.0,145.0,339.0,144.0,256.0
240.0,216.0,240.0,212.0,240.0,210.0,240.0,207.0,240.0,205.0,240.0,204.0,240.0,203.0,240.0,203.0,240.0,203.0,240.0,204.0,241.0
376.0,225.0,371.0,222.0,366.0,219.0,361.0,217.0,355.0,216.0,350.0,215.0,345.0,214.0,339.0,215.0,334.0,215.0,329.0,216.0,176.0
308.0,147.0,302.0,143.0,297.0,140.0,292.0,138.0,286.0,136.0,281.0,135.0,275.0,134.0,270.0,134.0,265.0,134.0,259.0,135.0,78.0
382.0,250.0,378.0,249.0,373.0,248.0,369.0,247.0,364.0,247.0,360.0,248.0,355.0,249.0,351.0,251.0,347.0,253.0,342.0,256.0,240.0
309.0,264.0,300.0,261.0,292.0,260.0,284.0,259.0,275.0,258.0,267.0,258.0,259.0,258.0,250.0,259.0,242.0,260.0,234.0,262.0,35.0
410.0,132.0,413.0,133.0,415.0,135.0,417.0,137.0,419.0,140.0,422.0,143.0,424.0,147.0,426.0,151.0,428.0,156.0,430.0,161.0,485.0
329.0,170.0,325.0,170.0,322.0,170.0,318.0,170.0,314.0,171.0,310.0,173.0,306.0,175.0,303.0,177.0,299.0,180.0,295.0,184.0,197.0
280.0,190.0,271.0,183.0,262.0,178.0,252.0,172.0,243.0,168.0,234.0,163.0,225.0,160.0,215.0,156.0,206.0,154.0,197.0,152.0,-161.0
381.0,204.0,385.0,204.0,389.0,205.0,393.0,206.0,397.0,207.0,401.0,210.0,405.0,212.0,409.0,215.0,413.0,219.0,417.0,223.0,508.0
390.0,116.0,399.0,111.0,407.0,108.0,415.0,105.0,424.0,102.0,432.0,100.0,441.0,99.0,449.0,98.0,457.0,97.0,466.0,97.0,776.0
251.0,166.0,254.0,166.0,257.0,167.0,259.0,168.0,262.0,170.0,265.0,172.0,268.0,174.0,270.0,178.0,273.0,181.0,276.0,186.0,343.0
274.0,189.0,265.0,186.0,256.0,184.0,247.0,182.0,238.0,181.0,230.0,180.0,221.0,180.0,212.0,180.0,203.0,181.0,194.0,182.0,-71.0
320.0,227.0,320.0,228.0,321.0,230.0,322.0,232.0,323.0,235.0,324.0,238.0,325.0,242.0,326.0,247.0,326.0,251.0,327.0,257.0,345.0
245.0,155.0,252.0,153.0,259.0,152.0,267.0,151.0,274.0,150.0,281.0,150.0,288.0,151.0,296.0,152.0,303.0,153.0,310.0,156.0,527.0
399.0,157.0,391.0,151.0,384.0,146.0,376.0,142.0,368.0,138.0,360.0,135.0,352.0,132.0,345.0,129.0,337.0,128.0,329.0,126.0,34.0
418.0,262.0,422.0,258.0,426.0,254.0,430.0,251.0,434.0,248.0,438.0,245.0,443.0,244.0,447.0,242.0,451.0,241.0,455.0,241.0,575.0
331.0,120.0,327.0,120.0,323.0,120.0,319.0,120.0,315.0,122.0,312.0,123.0,308.0,125.0,304.0,128.0,300.0,131.0,296.0,135.0,186.0
294.0,229.0,290.0,231.0,285.0,232.0,280.0,235.0,275.0,238.0,271.0,241.0,266.0,245.0,261.0,250.0,256.0,255.0,251.0,260.0,161.0
373.0,245.0,369.0,243.0,366.0,242.0,362.0,242.0,358.0,242.0,355.0,243.0,351.0,244.0,347.0,246.0,344.0,248.0,340.0,251.0,251.0
271.0,259.0,263.0,258.0,255.0,258.0,247.0,259.0,238.0,260.0,230.0,262.0,222.0,264.0,214.0,267.0,206.0,270.0,197.0,274.0,25.0
399.0,122.0,402.0,122.0,404.0,122.0,407.0,122.0,409.0,123.0,412.0,125.0,414.0,127.0,417.0,130.0,419.0,133.0,422.0,137.0,495.0
417.0,145.0,408.0,143.0,398.0,142.0,389.0,142.0,380.0,142.0,371.0,143.0,361.0,144.0,352.0,146.0,343.0,148.0,333.0,151.0,55.0
225.0,125.0,228.0,119.0,232.0,113.0,235.0,108.0,238.0,104.0,241.0,100.0,244.0,96.0,248.0,94.0,251.0,91.0,254.0,89.0,386.0
262.0,175.0,254.0,175.0,246.0,175.0,238.0,176.0,230.0,178.0,222.0,180.0,214.0,182.0,206.0,186.0,198.0,189.0,190.0,193.0,-11.0
271.0,208.0,262.0,205.0,254.0,202.0,245.0,199.0,236.0,197.0,228.0,196.0,219.0,195.0,210.0,195.0,202.0,195.0,193.0,195.0,-73.0
362.0,201.0,354.0,199.0,347.0,198.0,339.0,197.0,331.0,197.0,324.0,198.0,316.0,199.0,309.0,200.0,301.0,202.0,293.0,204.0,88.0
415.0,183.0,422.0,178.0,429.0,173.0,436.0,168.0,443.0,165.0,449.0,161.0,456.0,158.0,463.0,156.0,470.0,154.0,477.0,153.0,727.0
243.0,161.0,234.0,161.0,225.0,161.0,216.0,162.0,207.0,163.0,198.0,165.0,189.0,168.0,180.0,171.0,171.0,174.0,162.0,178.0,-70.0
287.0,280.0,293.0,279.0,299.0,279.0,305.0,279.0,311.0,280.0,317.0,282.0,323.0,284.0,328.0,286.0,334.0,289.0,340.0,293.0,457.0
333.0,127.0,338.0,124.0,342.0,121.0,346.0,119.0,350.0,118.0,354.0,117.0,358.0,116.0,363.0,116.0,367.0,117.0,371.0,118.0,513.0
289.0,263.0,287.0,259.0,285.0,255.0,283.0,252.0,282.0,250.0,280.0,248.0,278.0,247.0,276.0,246.0,275.0,246.0,273.0,246.0,224.0
407.0,221.0,401.0,215.0,394.0,210.0,388.0,205.0,382.0,201.0,375.0,197.0,369.0,194.0,362.0,191.0,356.0,189.0,349.0,187.0,118.0
402.0,157.0,396.0,150.0,391.0,144.0,386.0,139.0,381.0,134.0,376.0,130.0,371.0,126.0,366.0,122.0,361.0,120.0,355.0,117.0,146.0
371.0,185.0,376.0,185.0,382.0,185.0,387.0,185.0,392.0,186.0,398.0,187.0,403.0,189.0,409.0,191.0,414.0,194.0,420.0,198.0,561.0
263.0,240.0,261.0,241.0,259.0,243.0,257.0,246.0,256.0,249.0,254.0,252.0,252.0,256.0,251.0,261.0,249.0,266.0,247.0,272.0,216.0
240.0,190.0,242.0,191.0,243.0,191.0,244.0,193.0,246.0,195.0,247.0,197.0,248.0,200.0,249.0,203.0,251.0,207.0,252.0,212.0,283.0
356.0,148.0,350.0,146.0,345.0,144.0,340.0,143.0,335.0,143.0,330.0,143.0,324.0,143.0,319.0,144.0,314.0,146.0,309.0,148.0,148.0
320.0,144.0,311.0,145.0,303.0,147.0,294.0,150.0,285.0,153.0,277.0,156.0,268.0,160.0,260.0,164.0,251.0,169.0,242.0,175.0,36.0
271.0,186.0,278.0,181.0,284.0,177.0,291.0,173.0,297.0,170.0,304.0,168.0,311.0,166.0,317.0,165.0,324.0,164.0,330.0,163.0,554.0
370.0,202.0,364.0,197.0,358.0,194.0,353.0,190.0,347.0,188.0,342.0,185.0,336.0,184.0,330.0,182.0,325.0,182.0,319.0,181.0,134.0
339.0,235.0,347.0,234.0,356.0,234.0,364.0,235.0,372.0,236.0,381.0,237.0,389.0,239.0,398.0,242.0,406.0,245.0,414.0,248.0,607.0
343.0,190.0,335.0,187.0,327.0,184.0,319.0,181.0,311.0,179.0,303.0,177.0,294.0,176.0,286.0,176.0,278.0,176.0,270.0,176.0,12.0
271.0,207.0,279.0,202.0,287.0,198.0,295.0,195.0,303.0,192.0,310.0,190.0,318.0,188.0,326.0,186.0,334.0,185.0,342.0,185.0,598.0
289.0,286.0,293.0,286.0,297.0,287.0,301.0,288.0,306.0,290.0,310.0,293.0,314.0,296.0,318.0,299.0,322.0,304.0,326.0,308.0,397.0
315.0,203.0,306.0,197.0,296.0,193.0,287.0,189.0,278.0,185.0,269.0,182.0,259.0,180.0,250.0,178.0,241.0,176.0,231.0,175.0,-92.0
267.0,135.0,277.0,131.0,287.0,128.0,296.0,125.0,306.0,123.0,316.0,121.0,326.0,120.0,335.0,119.0,345.0,119.0,355.0,119.0,694.0
343.0,135.0,334.0,134.0,326.0,134.0,318.0,134.0,309.0,135.0,301.0,136.0,293.0,138.0,284.0,141.0,276.0,144.0,268.0,147.0,27.0
388.0,161.0,395.0,157.0,403.0,152.0,410.0,149.0,418.0,145.0,425.0,143.0,433.0,140.0,440.0,139.0,448.0,138.0,455.0,137.0,722.0
256.0,168.0,248.0,162.0,240.0,157.0,231.0,152.0,223.0,147.0,215.0,143.0,207.0,140.0,199.0,137.0,191.0,135.0,183.0,133.0,-131.0
227.0,182.0,226.0,177.0,226.0,172.0,225.0,168.0,224.0,164.0,223.0,161.0,222.0,159.0,221.0,157.0,220.0,155.0,219.0,154.0,185.0
360.0,182.0,351.0,184.0,341.0,185.0,331.0,188.0,322.0,191.0,312.0,194.0,302.0,198.0,293.0,202.0,283.0,207.0,273.0,212.0,60.0
423.0,280.0,419.0,280.0,416.0,281.0,412.0,283.0,408.0,285.0,404.0,287.0,400.0,290.0,396.0,294.0,392.0,298.0,388.0,303.0,322.0
276.0,203.0,282.0,201.0,288.0,201.0,293.0,201.0,299.0,201.0,305.0,202.0,310.0,203.0,316.0,205.0,322.0,208.0,327.0,211.0,474.0
317.0,234.0,324.0,231.0,330.0,227.0,336.0,225.0,342.0,223.0,348.0,221.0,354.0,220.0,360.0,220.0,366.0,220.0,372.0,220.0,549.0
333.0,166.0,334.0,164.0,335.0,162.0,335.0,161.0,336.0,161.0,337.0,161.0,338.0,161.0,338.0,162.0,339.0,164.0,340.0,166.0,362.0
218.0,237.0,212.0,233.0,206.0,229.0,200.0,225.0,194.0,222.0,188.0,220.0,183.0,218.0,177.0,216.0,171.0,215.0,165.0,215.0,-18.0
366.0,193.0,361.0,191.0,355.0,190.0,350.0,189.0,344.0,189.0,338.0,189.0,333.0,190.0,327.0,191.0,322.0,193.0,316.0,195.0,160.0
307.0,202.0,310.0,198.0,314.0,195.0,317.0,192.0,320.0,190.0,324.0,188.0,327.0,187.0,330.0,186.0,334.0,186.0,337.0,186.0,444.0
409.0,158.0,418.0,159.0,427.0,159.0,436.0,161.0,445.0,162.0,454.0,165.0,463.0,167.0,472.0,171.0,481.0,175.0,490.0,179.0,726.0
244.0,233.0,249.0,234.0,255.0,235.0,260.0,237.0,266.0,240.0,271.0,243.0,276.0,247.0,282.0,251.0,287.0,256.0,293.0,261.0,401.0
320.0,207.0,325.0,208.0,330.0,210.0,335.0,213.0,340.0,216.0,345.0,219.0,350.0,223.0,355.0,228.0,360.0,233.0,365.0,239.0,466.0
357.0,237.0,363.0,232.0,369.0,226.0,375.0,221.0,381.0,217.0,387.0,213.0,393.0,210.0,399.0,208.0,405.0,205.0,411.0,204.0,618.0
288.0,233.0,280.0,234.0,272.0,236.0,264.0,237.0,256.0,240.0,248.0,243.0,240.0,246.0,232.0,250.0,224.0,255.0,216.0,260.0,57.0
381.0,257.0,374.0,254.0,367.0,251.0,361.0,248.0,354.0,246.0,347.0,244.0,340.0,243.0,333.0,243.0,327.0,243.0,320.0,243.0,130.0
248.0,235.0,250.0,234.0,253.0,233.0,255.0,234.0,257.0,234.0,260.0,235.0,262.0,237.0,265.0,240.0,267.0,242.0,269.0,246.0,324.0
380.0,234.0,374.0,229.0,368.0,224.0,362.0,220.0,357.0,217.0,351.0,214.0,345.0,211.0,339.0,210.0,333.0,208.0,327.0,207.0,135.0
295.0,180.0,304.0,181.0,312.0,183.0,321.0,186.0,329.0,189.0,338.0,192.0,347.0,196.0,355.0,201.0,364.0,206.0,372.0,211.0,561.0
336.0,194.0,330.0,195.0,324.0,196.0,318.0,197.0,313.0,199.0,307.0,201.0,301.0,204.0,296.0,208.0,290.0,212.0,284.0,216.0,153.0
273.0,254.0,283.0,248.0,293.0,242.0,303.0,237.0,312.0,233.0,322.0,229.0,332.0,225.0,342.0,223.0,352.0,220.0,362.0,218.0,697.0
390.0,258.0,397.0,259.0,405.0,260.0,412.0,261.0,420.0,263.0,427.0,266.0,435.0,269.0,442.0,273.0,450.0,277.0,457.0,281.0,599.0
332.0,263.0,326.0,259.0,319.0,256.0,313.0,254.0,306.0,252.0,300.0,250.0,293.0,249.0,286.0,249.0,280.0,249.0,273.0,249.0,96.0
329.0,206.0,327.0,207.0,324.0,208.0,321.0,210.0,319.0,213.0,316.0,216.0,313.0,219.0,311.0,224.0,308.0,228.0,305.0,233.0,250.0
224.0,192.0,228.0,193.0,231.0,194.0,234.0,195.0,237.0,197.0,241.0,200.0,244.0,203.0,247.0,207.0,250.0,211.0,253.0,216.0,328.0
290.0,120.0,294.0,114.0,297.0,109.0,300.0,104.0,303.0,100.0,307.0,97.0,310.0,93.0,313.0,91.0,316.0,89.0,320.0,87.0,453.0
293.0,137.0,293.0,136.0,293.0,135.0,293.0,135.0,293.0,135.0,293.0,136.0,294.0,137.0,294.0,139.0,294.0,141.0,294.0,144.0,298.0
258.0,151.0,260.0,148.0,263.0,146.0,266.0,145.0,268.0,144.0,271.0,143.0,274.0,143.0,276.0,144.0,279.0,145.0,282.0,147.0,366.0
421.0,118.0,425.0,112.0,428.0,107.0,431.0,102.0,434.0,97.0,438.0,93.0,441.0,90.0,444.0,87.0,448.0,84.0,451.0,82.0,590.0
268.0,238.0,270.0,237.0,272.0,236.0,274.0,236.0,276.0,237.0,279.0,238.0,281.0,239.0,283.0,241.0,285.0,244.0,287.0,247.0,334.0
335.0,262.0,328.0,256.0,320.0,250.0,313.0,244.0,305.0,239.0,298.0,235.0,290.0,231.0,282.0,228.0,275.0,225.0,267.0,223.0,4.0
395.0,277.0,389.0,279.0,383.0,280.0,378.0,283.0,372.0,286.0,366.0,289.0,361.0,293.0,355.0,297.0,349.0,302.0,344.0,308.0,253.0
223.0,187.0,226.0,185.0,228.0,184.0,230.0,183.0,232.0,183.0,234.0,183.0,237.0,184.0,239.0,185.0,241.0,187.0,243.0,190.0,305.0
385.0,144.0,375.0,143.0,366.0,143.0,356.0,144.0,346.0,145.0,336.0,146.0,327.0,148.0,317.0,151.0,307.0,154.0,297.0,158.0,24.0
317.0,163.0,314.0,162.0,310.0,160.0,306.0,160.0,303.0,160.0,299.0,160.0,296.0,161.0,292.0,162.0,288.0,164.0,285.0,166.0,180.0
234.0,171.0,227.0,170.0,220.0,170.0,212.0,170.0,205.0,171.0,197.0,172.0,190.0,174.0,183.0,176.0,175.0,179.0,168.0,183.0,-30.0
270.0,274.0,267.0,269.0,264.0,266.0,260.0,262.0,257.0,260.0,254.0,257.0,251.0,256.0,247.0,254.0,244.0,254.0,241.0,254.0,150.0
346.0,287.0,339.0,289.0,333.0,291.0,327.0,293.0,321.0,296.0,314.0,300.0,308.0,304.0,302.0,308.0,296.0,313.0,290.0,319.0,196.0
236.0,211.0,243.0,206.0,250.0,201.0,257.0,197.0,264.0,194.0,271.0,191.0,278.0,188.0,285.0,187.0,292.0,185.0,299.0,184.0,538.0
403.0,283.0,412.0,285.0,421.0,286.0,430.0,289.0,439.0,291.0,448.0,295.0,457.0,299.0,466.0,303.0,475.0,308.0,484.0,313.0,626.0
234.0,243.0,228.0,239.0,222.0,235.0,217.0,232.0,211.0,229.0,205.0,227.0,199.0,225.0,194.0,224.0,188.0,224.0,182.0,224.0,9.0
392.0,221.0,388.0,220.0,385.0,221.0,381.0,222.0,377.0,223.0,374.0,225.0,370.0,228.0,367.0,231.0,363.0,234.0,359.0,238.0,277.0
250.0,271.0,245.0,270.0,239.0,270.0,233.0,270.0,227.0,271.0,221.0,273.0,216.0,275.0,210.0,277.0,204.0,280.0,198.0,284.0,82.0
218.0,240.0,227.0,240.0,237.0,241.0,246.0,242.0,256.0,243.0,265.0,246.0,275.0,248.0,284.0,252.0,294.0,255.0,304.0,260.0,503.0
269.0,286.0,278.0,285.0,287.0,284.0,296.0,284.0,305.0,284.0,314.0,285.0,323.0,286.0,332.0,288.0,341.0,291.0,350.0,294.0,528.0
232.0,250.0,242.0,249.0,252.0,249.0,262.0,250.0,272.0,251.0,282.0,252.0,291.0,254.0,301.0,257.0,311.0,260.0,321.0,263.0,539.0
419.0,194.0,412.0,192.0,405.0,189.0,398.0,187.0,391.0,186.0,384.0,185.0,377.0,185.0,370.0,185.0,363.0,186.0,356.0,187.0,145.0
360.0,123.0,355.0,119.0,351.0,116.0,346.0,114.0,341.0,111.0,336.0,110.0,332.0,109.0,327.0,108.0,322.0,108.0,317.0,109.0,146.0
403.0,121.0,399.0,123.0,396.0,125.0,392.0,127.0,388.0,130.0,385.0,134.0,381.0,138.0,377.0,143.0,374.0,148.0,370.0,153.0,279.0
398.0,191.0,399.0,192.0,400.0,194.0,400.0,196.0,401.0,199.0,402.0,202.0,403.0,206.0,404.0,210.0,405.0,215.0,405.0,220.0,424.0
334.0,127.0,326.0,128.0,318.0,128.0,310.0,130.0,302.0,132.0,294.0,134.0,286.0,137.0,278.0,140.0,270.0,144.0,262.0,149.0,45.0
299.0,124.0,300.0,125.0,301.0,126.0,303.0,128.0,304.0,130.0,305.0,133.0,307.0,137.0,308.0,141.0,310.0,145.0,311.0,150.0,347.0
245.0,208.0,240.0,208.0,235.0,208.0,229.0,208.0,224.0,209.0,218.0,210.0,213.0,212.0,208.0,215.0,202.0,218.0,197.0,221.0,68.0
278.0,213.0,286.0,213.0,293.0,213.0,301.0,214.0,309.0,216.0,317.0,217.0,325.0,220.0,332.0,223.0,340.0,226.0,348.0,230.0,527.0
402.0,199.0,395.0,199.0,388.0,200.0,381.0,202.0,374.0,204.0,367.0,207.0,360.0,210.0,353.0,213.0,346.0,218.0,339.0,222.0,178.0
320.0,192.0,321.0,193.0,322.0,194.0,323.0,195.0,324.0,197.0,325.0,200.0,326.0,203.0,327.0,207.0,328.0,211.0,329.0,216.0,352.0
346.0,135.0,354.0,135.0,363.0,137.0,371.0,138.0,380.0,140.0,388.0,143.0,397.0,146.0,405.0,150.0,414.0,154.0,422.0,159.0,643.0
238.0,118.0,228.0,111.0,219.0,106.0,209.0,100.0,199.0,96.0,189.0,91.0,179.0,88.0,169.0,84.0,159.0,82.0,149.0,80.0,-263.0
275.0,277.0,285.0,271.0,295.0,265.0,305.0,260.0,315.0,255.0,325.0,251.0,334.0,248.0,344.0,245.0,354.0,242.0,364.0,241.0,690.0
243.0,254.0,244.0,254.0,244.0,255.0,245.0,257.0,245.0,259.0,246.0,261.0,247.0,265.0,247.0,268.0,248.0,272.0,248.0,277.0,260.0
400.0,205.0,395.0,204.0,391.0,203.0,386.0,202.0,382.0,202.0,377.0,202.0,373.0,203.0,368.0,205.0,364.0,207.0,359.0,209.0,238.0
342.0,278.0,341.0,277.0,339.0,278.0,338.0,279.0,336.0,280.0,334.0,282.0,333.0,285.0,331.0,287.0,330.0,291.0,328.0,295.0,298.0
380.0,134.0,388.0,129.0,396.0,124.0,404.0,120.0,412.0,116.0,420.0,113.0,428.0,111.0,436.0,109.0,444.0,107.0,452.0,106.0,763.0
275.0,166.0,284.0,161.0,293.0,157.0,302.0,153.0,311.0,150.0,320.0,148.0,329.0,146.0,338.0,144.0,347.0,143.0,356.0,142.0,678.0
321.0,159.0,319.0,157.0,317.0,156.0,315.0,156.0,313.0,156.0,310.0,157.0,308.0,158.0,306.0,160.0,304.0,162.0,302.0,165.0,243.0
280.0,122.0,271.0,123.0,261.0,124.0,252.0,126.0,242.0,129.0,233.0,132.0,223.0,136.0,214.0,140.0,204.0,145.0,195.0,150.0,-51.0
416.0,271.0,413.0,272.0,410.0,273.0,407.0,275.0,403.0,278.0,400.0,281.0,397.0,284.0,394.0,288.0,390.0,293.0,387.0,298.0,332.0
398.0,166.0,401.0,164.0,405.0,163.0,408.0,162.0,411.0,162.0,414.0,162.0,418.0,163.0,421.0,165.0,424.0,167.0,427.0,169.0,521.0
344.0,123.0,343.0,123.0,341.0,123.0,339.0,123.0,337.0,124.0,336.0,126.0,334.0,128.0,332.0,131.0,331.0,134.0,329.0,137.0,279.0
341.0,165.0,336.0,164.0,331.0,164.0,326.0,164.0,321.0,165.0,316.0,166.0,311.0,168.0,306.0,170.0,301.0,173.0,296.0,177.0,160.0
334.0,133.0,343.0,134.0,352.0,136.0,360.0,138.0,369.0,141.0,377.0,144.0,386.0,148.0,394.0,152.0,403.0,157.0,411.0,163.0,624.0
303.0,241.0,309.0,235.0,316.0,230.0,323.0,225.0,330.0,220.0,337.0,216.0,343.0,213.0,350.0,210.0,357.0,208.0,364.0,206.0,600.0
244.0,199.0,237.0,196.0,231.0,194.0,224.0,192.0,218.0,191.0,211.0,190.0,204.0,190.0,198.0,191.0,191.0,192.0,185.0,193.0,-5.0
215.0,265.0,215.0,264.0,215.0,264.0,215.0,265.0,215.0,266.0,215.0,267.0,215.0,270.0,215.0,272.0,216.0,275.0,216.0,279.0,217.0
292.0,141.0,292.0,138.0,292.0,135.0,292.0,132.0,292.0,130.0,292.0,128.0,292.0,127.0,291.0,127.0,291.0,127.0,291.0,127.0,287.0
273.0,174.0,279.0,174.0,285.0,174.0,291.0,174.0,297.0,175.0,303.0,176.0,309.0,178.0,315.0,181.0,321.0,184.0,327.0,188.0,482.0
404.0,244.0,404.0,238.0,404.0,232.0,403.0,227.0,403.0,222.0,403.0,218.0,403.0,214.0,402.0,211.0,402.0,208.0,402.0,206.0,392.0
284.0,123.0,284.0,123.0,284.0,123.0,284.0,124.0,283.0,126.0,283.0,128.0,283.0,130.0,283.0,133.0,283.0,137.0,283.0,141.0,281.0
393.0,162.0,385.0,162.0,376.0,162.0,367.0,162.0,358.0,163.0,349.0,165.0,340.0,167.0,331.0,170.0,323.0,173.0,314.0,177.0,75.0
372.0,126.0,364.0,122.0,357.0,119.0,349.0,116.0,342.0,114.0,334.0,112.0,326.0,111.0,319.0,110.0,311.0,110.0,304.0,110.0,30.0
385.0,215.0,383.0,208.0,381.0,203.0,379.0,197.0,378.0,193.0,376.0,188.0,374.0,185.0,372.0,181.0,370.0,179.0,368.0,177.0,299.0
213.0,193.0,215.0,191.0,216.0,190.0,218.0,189.0,219.0,189.0,221.0,190.0,223.0,190.0,224.0,192.0,226.0,194.0,227.0,196.0,270.0
268.0,265.0,262.0,260.0,256.0,256.0,250.0,253.0,243.0,250.0,237.0,248.0,231.0,246.0,225.0,245.0,219.0,244.0,213.0,244.0,35.0
232.0,184.0,227.0,178.0,223.0,172.0,218.0,167.0,214.0,162.0,209.0,158.0,205.0,155.0,201.0,152.0,196.0,150.0,192.0,148.0,22.0
223.0,161.0,227.0,162.0,230.0,164.0,233.0,166.0,237.0,168.0,240.0,171.0,243.0,175.0,246.0,179.0,250.0,184.0,253.0,189.0,331.0
335.0,203.0,329.0,200.0,324.0,197.0,319.0,195.0,313.0,194.0,308.0,193.0,302.0,193.0,297.0,193.0,292.0,194.0,286.0,195.0,126.0
240.0,158.0,249.0,159.0,258.0,160.0,267.0,162.0,275.0,164.0,284.0,167.0,293.0,170.0,302.0,174.0,311.0,178.0,320.0,183.0,541.0
295.0,115.0,292.0,115.0,288.0,116.0,285.0,117.0,281.0,118.0,278.0,120.0,274.0,123.0,271.0,126.0,267.0,130.0,264.0,134.0,168.0
320.0,216.0,328.0,215.0,337.0,215.0,345.0,216.0,353.0,217.0,361.0,219.0,369.0,221.0,377.0,224.0,385.0,228.0,393.0,231.0,580.0
249.0,249.0,252.0,249.0,255.0,249.0,258.0,249.0,261.0,251.0,264.0,252.0,267.0,254.0,271.0,257.0,274.0,260.0,277.0,264.0,341.0
310.0,161.0,319.0,159.0,327.0,159.0,336.0,158.0,345.0,158.0,353.0,159.0,362.0,160.0,371.0,162.0,379.0,164.0,388.0,167.0,638.0
340.0,247.0,342.0,245.0,345.0,243.0,347.0,241.0,349.0,240.0,352.0,240.0,354.0,240.0,356.0,241.0,359.0,242.0,361.0,244.0,422.0
252.0,155.0,261.0,155.0,270.0,156.0,279.0,157.0,288.0,159.0,297.0,161.0,306.0,164.0,314.0,167.0,323.0,171.0,332.0,175.0,565.0
369.0,131.0,371.0,128.0,373.0,126.0,376.0,123.0,378.0,122.0,380.0,121.0,383.0,120.0,385.0,120.0,387.0,121.0,390.0,122.0,470.0
330.0,133.0,320.0,132.0,311.0,131.0,302.0,131.0,293.0,131.0,283.0,132.0,274.0,134.0,265.0,135.0,255.0,138.0,246.0,141.0,-31.0
364.0,166.0,354.0,166.0,344.0,166.0,334.0,167.0,324.0,168.0,314.0,170.0,304.0,172.0,295.0,175.0,285.0,178.0,275.0,182.0,19.0
276.0,123.0,273.0,119.0,270.0,116.0,267.0,113.0,264.0,111.0,261.0,109.0,258.0,108.0,255.0,107.0,252.0,107.0,248.0,107.0,137.0
332.0,140.0,333.0,138.0,333.0,137.0,333.0,136.0,334.0,135.0,334.0,135.0,334.0,136.0,335.0,137.0,335.0,139.0,335.0,141.0,345.0
418.0,254.0,413.0,253.0,407.0,251.0,401.0,251.0,395.0,251.0,389.0,251.0,384.0,252.0,378.0,253.0,372.0,255.0,366.0,258.0,227.0
417.0,188.0,410.0,188.0,404.0,189.0,398.0,191.0,392.0,192.0,385.0,195.0,379.0,198.0,373.0,201.0,366.0,205.0,360.0,210.0,209.0
322.0,224.0,326.0,226.0,330.0,228.0,334.0,230.0,338.0,233.0,342.0,237.0,347.0,241.0,351.0,245.0,355.0,250.0,359.0,256.0,441.0
280.0,284.0,271.0,286.0,262.0,288.0,254.0,290.0,245.0,293.0,237.0,296.0,228.0,300.0,219.0,305.0,211.0,310.0,202.0,316.0,73.0
404.0,156.0,400.0,153.0,396.0,150.0,392.0,147.0,388.0,145.0,384.0,143.0,380.0,142.0,376.0,142.0,372.0,142.0,368.0,142.0,229.0
271.0,123.0,279.0,117.0,287.0,112.0,295.0,108.0,303.0,104.0,310.0,100.0,318.0,97.0,326.0,94.0,334.0,92.0,342.0,91.0,660.0
390.0,273.0,383.0,273.0,376.0,273.0,369.0,274.0,362.0,275.0,355.0,277.0,348.0,279.0,341.0,282.0,334.0,286.0,327.0,290.0,195.0
341.0,172.0,341.0,170.0,342.0,169.0,342.0,169.0,342.0,169.0,343.0,170.0,343.0,171.0,343.0,173.0,343.0,175.0,344.0,177.0,352.0
406.0,121.0,403.0,118.0,400.0,117.0,397.0,116.0,394.0,115.0,392.0,115.0,389.0,115.0,386.0,116.0,383.0,117.0,380.0,119.0,283.0
399.0,142.0,406.0,144.0,412.0,145.0,419.0,148.0,425.0,151.0,431.0,154.0,438.0,158.0,444.0,162.0,451.0,167.0,457.0,173.0,613.0
410.0,227.0,401.0,229.0,392.0,230.0,384.0,233.0,375.0,235.0,366.0,239.0,357.0,243.0,348.0,247.0,339.0,252.0,331.0,257.0,154.0
360.0,247.0,354.0,243.0,348.0,239.0,342.0,235.0,336.0,232.0,330.0,230.0,324.0,228.0,317.0,226.0,311.0,225.0,305.0,225.0,116.0
372.0,117.0,368.0,116.0,364.0,116.0,359.0,116.0,355.0,117.0,351.0,118.0,347.0,120.0,343.0,122.0,339.0,125.0,334.0,129.0,210.0
374.0,122.0,372.0,123.0,370.0,124.0,368.0,126.0,367.0,128.0,365.0,131.0,363.0,134.0,361.0,137.0,359.0,142.0,357.0,147.0,304.0
232.0,228.0,225.0,229.0,219.0,231.0,212.0,233.0,205.0,236.0,199.0,240.0,192.0,244.0,185.0,248.0,179.0,253.0,172.0,259.0,46.0
300.0,254.0,305.0,248.0,311.0,244.0,316.0,239.0,321.0,235.0,326.0,232.0,332.0,229.0,337.0,227.0,342.0,225.0,347.0,224.0,515.0
341.0,203.0,343.0,199.0,345.0,195.0,346.0,192.0,348.0,190.0,350.0,188.0,351.0,186.0,353.0,185.0,355.0,185.0,356.0,185.0,410.0
280.0,173.0,278.0,172.0,277.0,172.0,275.0,172.0,274.0,173.0,272.0,174.0,271.0,176.0,269.0,178.0,268.0,181.0,266.0,184.0,226.0
388.0,209.0,398.0,209.0,407.0,210.0,417.0,211.0,427.0,213.0,437.0,215.0,447.0,218.0,457.0,221.0,467.0,225.0,477.0,229.0,703.0
263.0,260.0,268.0,254.0,274.0,249.0,279.0,244.0,285.0,240.0,291.0,236.0,296.0,233.0,302.0,231.0,308.0,229.0,313.0,227.0,499.0
271.0,116.0,269.0,117.0,267.0,119.0,266.0,122.0,264.0,125.0,262.0,128.0,260.0,132.0,258.0,136.0,256.0,141.0,254.0,147.0,206.0
420.0,231.0,414.0,233.0,409.0,234.0,403.0,236.0,397.0,239.0,392.0,242.0,386.0,246.0,381.0,251.0,375.0,255.0,369.0,261.0,264.0
252.0,115.0,244.0,116.0,235.0,117.0,227.0,119.0,218.0,122.0,210.0,125.0,202.0,128.0,193.0,132.0,185.0,136.0,177.0,141.0,-47.0
371.0,129.0,364.0,128.0,356.0,128.0,349.0,128.0,342.0,128.0,335.0,130.0,328.0,131.0,320.0,134.0,313.0,136.0,306.0,140.0,97.0
331.0,181.0,327.0,177.0,322.0,173.0,318.0,170.0,314.0,167.0,309.0,165.0,305.0,164.0,301.0,163.0,296.0,162.0,292.0,162.0,143.0
266.0,275.0,257.0,275.0,247.0,275.0,237.0,276.0,227.0,278.0,217.0,280.0,207.0,282.0,198.0,285.0,188.0,289.0,178.0,293.0,-7.0
420.0,121.0,422.0,117.0,424.0,114.0,427.0,111.0,429.0,109.0,432.0,107.0,434.0,105.0,436.0,105.0,439.0,104.0,441.0,105.0,525.0
260.0,285.0,257.0,285.0,254.0,286.0,251.0,287.0,248.0,289.0,245.0,291.0,242.0,294.0,239.0,297.0,236.0,301.0,233.0,305.0,179.0
214.0,186.0,210.0,185.0,207.0,184.0,203.0,183.0,199.0,183.0,196.0,184.0,192.0,185.0,189.0,187.0,185.0,189.0,181.0,191.0,84.0
393.0,232.0,389.0,232.0,385.0,232.0,382.0,233.0,378.0,235.0,374.0,237.0,370.0,239.0,366.0,242.0,362.0,246.0,358.0,250.0,273.0
308.0,277.0,300.0,278.0,292.0,279.0,284.0,281.0,277.0,283.0,269.0,286.0,261.0,289.0,253.0,293.0,246.0,297.0,238.0,302.0,106.0
375.0,209.0,368.0,202.0,361.0,197.0,354.0,191.0,347.0,186.0,339.0,182.0,332.0,178.0,325.0,175.0,318.0,172.0,311.0,170.0,43.0
252.0,120.0,242.0,120.0,232.0,120.0,222.0,121.0,213.0,122.0,203.0,124.0,193.0,126.0,183.0,129.0,173.0,132.0,163.0,136.0,-122.0
343.0,229.0,334.0,230.0,324.0,232.0,315.0,234.0,306.0,237.0,296.0,240.0,287.0,244.0,278.0,248.0,268.0,253.0,259.0,258.0,72.0
321.0,158.0,320.0,155.0,318.0,153.0,317.0,151.0,316.0,149.0,314.0,148.0,313.0,147.0,312.0,147.0,310.0,148.0,309.0,149.0,265.0
251.0,214.0,252.0,208.0,254.0,202.0,255.0,197.0,257.0,193.0,258.0,189.0,260.0,186.0,261.0,183.0,263.0,181.0,264.0,179.0,316.0
426.0,152.0,432.0,149.0,438.0,146.0,445.0,143.0,451.0,141.0,457.0,140.0,463.0,139.0,470.0,139.0,476.0,139.0,482.0,140.0,696.0
287.0,257.0,285.0,257.0,283.0,257.0,281.0,258.0,279.0,260.0,277.0,261.0,275.0,264.0,272.0,267.0,270.0,270.0,268.0,274.0,227.0
242.0,147.0,250.0,148.0,258.0,150.0,267.0,152.0,275.0,155.0,283.0,159.0,292.0,163.0,300.0,167.0,309.0,173.0,317.0,178.0,517.0
270.0,238.0,265.0,235.0,260.0,231.0,256.0,229.0,251.0,227.0,247.0,225.0,242.0,224.0,237.0,223.0,233.0,223.0,228.0,223.0,94.0
364.0,154.0,368.0,155.0,373.0,156.0,377.0,158.0,381.0,160.0,386.0,163.0,390.0,166.0,395.0,170.0,399.0,174.0,403.0,179.0,512.0
405.0,167.0,415.0,167.0,424.0,168.0,433.0,169.0,442.0,171.0,451.0,174.0,461.0,176.0,470.0,180.0,479.0,184.0,488.0,188.0,718.0
295.0,118.0,291.0,112.0,287.0,107.0,283.0,103.0,279.0,99.0,275.0,96.0,271.0,93.0,267.0,90.0,263.0,89.0,259.0,87.0,95.0
391.0,144.0,388.0,145.0,386.0,146.0,383.0,147.0,380.0,149.0,378.0,152.0,375.0,155.0,373.0,159.0,370.0,163.0,367.0,168.0,300.0
262.0,279.0,254.0,278.0,246.0,277.0,238.0,277.0,230.0,277.0,222.0,278.0,214.0,280.0,206.0,282.0,198.0,284.0,190.0,287.0,23.0
271.0,134.0,265.0,134.0,260.0,135.0,255.0,136.0,250.0,137.0,244.0,139.0,239.0,141.0,234.0,144.0,228.0,148.0,223.0,152.0,77.0
308.0,121.0,318.0,120.0,327.0,119.0,337.0,119.0,347.0,119.0,357.0,120.0,367.0,122.0,377.0,124.0,386.0,126.0,396.0,129.0,690.0
273.0,248.0,264.0,244.0,255.0,240.0,246.0,236.0,237.0,233.0,228.0,231.0,219.0,229.0,210.0,228.0,201.0,227.0,191.0,227.0,-88.0
226.0,131.0,234.0,131.0,243.0,132.0,251.0,134.0,260.0,136.0,269.0,138.0,277.0,141.0,286.0,145.0,295.0,149.0,303.0,154.0,536.0
304.0,204.0,299.0,204.0,293.0,204.0,288.0,205.0,283.0,206.0,278.0,208.0,272.0,210.0,267.0,213.0,262.0,216.0,256.0,220.0,130.0
297.0,168.0,297.0,165.0,297.0,162.0,297.0,160.0,297.0,159.0,297.0,158.0,297.0,158.0,297.0,158.0,297.0,159.0,297.0,160.0,300.0
381.0,177.0,377.0,174.0,373.0,172.0,369.0,171.0,365.0,170.0,360.0,169.0,356.0,169.0,352.0,170.0,348.0,171.0,344.0,173.0,223.0
247.0,238.0,253.0,233.0,258.0,229.0,264.0,225.0,269.0,222.0,274.0,219.0,280.0,217.0,285.0,215.0,290.0,214.0,296.0,213.0,466.0
237.0,220.0,237.0,214.0,236.0,209.0,236.0,205.0,235.0,201.0,235.0,197.0,235.0,194.0,234.0,192.0,234.0,190.0,233.0,188.0,219.0
417.0,283.0,423.0,280.0,428.0,278.0,434.0,277.0,440.0,276.0,445.0,275.0,451.0,275.0,456.0,276.0,462.0,277.0,467.0,278.0,599.0
264.0,143.0,269.0,143.0,274.0,144.0,279.0,146.0,284.0,148.0,289.0,150.0,294.0,153.0,299.0,157.0,304.0,161.0,309.0,165.0,440.0
370.0,120.0,367.0,119.0,364.0,118.0,360.0,117.0,357.0,118.0,354.0,118.0,350.0,119.0,347.0,121.0,344.0,123.0,341.0,126.0,239.0
412.0,124.0,416.0,126.0,420.0,128.0,423.0,130.0,427.0,133.0,431.0,137.0,434.0,141.0,438.0,145.0,442.0,151.0,445.0,156.0,537.0
406.0,149.0,402.0,146.0,399.0,143.0,396.0,141.0,393.0,140.0,390.0,139.0,386.0,138.0,383.0,139.0,380.0,139.0,377.0,140.0,270.0
280.0,205.0,287.0,205.0,294.0,206.0,300.0,207.0,307.0,209.0,314.0,211.0,320.0,214.0,327.0,217.0,334.0,220.0,340.0,225.0,493.0
234.0,196.0,243.0,198.0,252.0,199.0,261.0,202.0,270.0,205.0,279.0,208.0,288.0,212.0,296.0,217.0,305.0,222.0,314.0,227.0,501.0
271.0,183.0,277.0,180.0,284.0,178.0,290.0,176.0,296.0,174.0,302.0,174.0,309.0,173.0,315.0,174.0,321.0,174.0,328.0,176.0,523.0
396.0,191.0,395.0,187.0,394.0,184.0,393.0,181.0,391.0,179.0,390.0,178.0,389.0,177.0,388.0,177.0,387.0,177.0,386.0,177.0,349.0
275.0,271.0,266.0,272.0,257.0,273.0,248.0,275.0,238.0,277.0,229.0,280.0,220.0,283.0,211.0,287.0,201.0,291.0,192.0,296.0,26.0
237.0,249.0,230.0,251.0,224.0,253.0,217.0,255.0,211.0,258.0,204.0,262.0,198.0,266.0,191.0,270.0,184.0,275.0,178.0,281.0,60.0
379.0,230.0,376.0,225.0,374.0,220.0,371.0,215.0,368.0,211.0,366.0,208.0,363.0,205.0,360.0,203.0,357.0,201.0,355.0,200.0,264.0
336.0,249.0,342.0,245.0,347.0,242.0,353.0,239.0,358.0,237.0,364.0,236.0,369.0,235.0,375.0,234.0,380.0,234.0,385.0,235.0,538.0
294.0,224.0,293.0,224.0,293.0,224.0,293.0,226.0,292.0,227.0,292.0,230.0,291.0,232.0,291.0,236.0,291.0,240.0,290.0,244.0,283.0
302.0,153.0,312.0,153.0,321.0,153.0,331.0,153.0,340.0,154.0,350.0,156.0,359.0,158.0,369.0,161.0,378.0,164.0,388.0,168.0,644.0
350.0,286.0,359.0,286.0,368.0,288.0,377.0,289.0,386.0,291.0,395.0,294.0,404.0,297.0,413.0,301.0,422.0,305.0,432.0,310.0,586.0
363.0,241.0,372.0,243.0,382.0,245.0,391.0,247.0,401.0,250.0,410.0,254.0,420.0,258.0,429.0,262.0,439.0,267.0,449.0,273.0,620.0
388.0,275.0,392.0,269.0,396.0,264.0,399.0,259.0,403.0,255.0,407.0,251.0,411.0,248.0,414.0,245.0,418.0,243.0,422.0,242.0,540.0
344.0,143.0,340.0,143.0,336.0,145.0,333.0,146.0,329.0,148.0,325.0,151.0,322.0,154.0,318.0,158.0,314.0,162.0,311.0,166.0,216.0
411.0,238.0,417.0,234.0,423.0,229.0,429.0,225.0,435.0,222.0,441.0,219.0,447.0,217.0,453.0,216.0,459.0,214.0,465.0,214.0,657.0
217.0,232.0,224.0,233.0,231.0,235.0,237.0,237.0,244.0,239.0,250.0,242.0,257.0,246.0,263.0,250.0,270.0,254.0,277.0,260.0,408.0
263.0,249.0,256.0,249.0,250.0,249.0,243.0,250.0,237.0,251.0,231.0,253.0,224.0,256.0,218.0,259.0,211.0,262.0,205.0,266.0,69.0
242.0,136.0,244.0,135.0,246.0,135.0,249.0,136.0,251.0,137.0,253.0,138.0,256.0,140.0,258.0,143.0,260.0,146.0,262.0,149.0,327.0
231.0,130.0,224.0,129.0,218.0,128.0,211.0,128.0,205.0,129.0,198.0,130.0,192.0,132.0,185.0,134.0,179.0,136.0,172.0,140.0,-23.0
225.0,125.0,219.0,122.0,214.0,120.0,208.0,118.0,203.0,117.0,197.0,117.0,191.0,117.0,186.0,117.0,180.0,118.0,175.0,120.0,-9.0
359.0,185.0,366.0,184.0,373.0,184.0,380.0,185.0,387.0,186.0,394.0,187.0,401.0,189.0,408.0,192.0,416.0,195.0,423.0,199.0,598.0
252.0,180.0,246.0,180.0,240.0,181.0,234.0,182.0,227.0,184.0,221.0,187.0,215.0,189.0,209.0,193.0,203.0,197.0,197.0,201.0,49.0
369.0,181.0,364.0,179.0,360.0,178.0,355.0,177.0,351.0,176.0,346.0,176.0,342.0,177.0,337.0,178.0,333.0,180.0,328.0,182.0,199.0
401.0,122.0,406.0,122.0,410.0,122.0,415.0,122.0,419.0,123.0,424.0,125.0,428.0,127.0,433.0,129.0,437.0,132.0,442.0,136.0,572.0
408.0,209.0,401.0,208.0,395.0,208.0,388.0,208.0,382.0,208.0,375.0,210.0,369.0,211.0,362.0,214.0,356.0,216.0,349.0,220.0,186.0
401.0,256.0,402.0,252.0,404.0,248.0,406.0,244.0,408.0,241.0,410.0,239.0,412.0,237.0,414.0,235.0,416.0,234.0,418.0,234.0,475.0
351.0,119.0,342.0,120.0,333.0,122.0,324.0,124.0,315.0,127.0,307.0,130.0,298.0,134.0,289.0,138.0,280.0,143.0,271.0,148.0,43.0
261.0,147.0,253.0,141.0,245.0,135.0,237.0,130.0,228.0,126.0,220.0,122.0,212.0,118.0,204.0,116.0,196.0,113.0,188.0,111.0,-135.0
262.0,278.0,255.0,278.0,249.0,277.0,243.0,278.0,237.0,279.0,230.0,280.0,224.0,282.0,218.0,284.0,211.0,287.0,205.0,291.0,79.0
415.0,127.0,409.0,127.0,404.0,129.0,399.0,131.0,393.0,133.0,388.0,136.0,383.0,140.0,377.0,144.0,372.0,148.0,367.0,153.0,228.0
260.0,179.0,255.0,176.0,249.0,173.0,244.0,170.0,239.0,168.0,234.0,166.0,228.0,165.0,223.0,165.0,218.0,165.0,212.0,165.0,38.0
417.0,245.0,411.0,241.0,406.0,239.0,401.0,237.0,395.0,235.0,390.0,234.0,385.0,234.0,379.0,234.0,374.0,234.0,369.0,235.0,226.0
244.0,282.0,236.0,278.0,229.0,275.0,221.0,272.0,214.0,269.0,207.0,267.0,199.0,266.0,192.0,265.0,185.0,265.0,177.0,265.0,-21.0
344.0,197.0,335.0,192.0,326.0,188.0,317.0,185.0,307.0,182.0,298.0,180.0,289.0,178.0,280.0,177.0,271.0,176.0,262.0,176.0,-39.0
400.0,129.0,404.0,128.0,409.0,128.0,414.0,129.0,418.0,130.0,423.0,131.0,427.0,133.0,432.0,135.0,437.0,138.0,441.0,142.0,576.0
411.0,266.0,407.0,262.0,404.0,259.0,401.0,256.0,397.0,254.0,394.0,252.0,390.0,251.0,387.0,250.0,384.0,250.0,380.0,250.0,286.0
420.0,261.0,422.0,262.0,424.0,263.0,425.0,265.0,427.0,267.0,429.0,269.0,430.0,273.0,432.0,276.0,434.0,281.0,435.0,285.0,466.0
310.0,120.0,312.0,116.0,313.0,112.0,315.0,109.0,316.0,106.0,317.0,104.0,319.0,102.0,320.0,101.0,322.0,100.0,323.0,100.0,377.0
415.0,189.0,419.0,186.0,424.0,184.0,428.0,182.0,432.0,181.0,437.0,181.0,441.0,181.0,445.0,182.0,450.0,183.0,454.0,184.0,584.0
373.0,223.0,381.0,221.0,388.0,219.0,396.0,217.0,403.0,216.0,410.0,216.0,418.0,216.0,425.0,217.0,432.0,218.0,440.0,220.0,639.0
381.0,118.0,372.0,114.0,363.0,111.0,354.0,109.0,345.0,107.0,336.0,106.0,327.0,105.0,318.0,105.0,310.0,105.0,301.0,105.0,-8.0
222.0,178.0,214.0,178.0,205.0,179.0,196.0,180.0,188.0,182.0,179.0,184.0,170.0,186.0,162.0,190.0,153.0,193.0,144.0,197.0,-71.0
242.0,255.0,236.0,255.0,230.0,256.0,225.0,257.0,219.0,258.0,213.0,261.0,208.0,263.0,202.0,267.0,196.0,270.0,191.0,275.0,77.0
386.0,204.0,393.0,199.0,401.0,195.0,408.0,191.0,415.0,187.0,422.0,184.0,429.0,182.0,436.0,180.0,443.0,179.0,450.0,178.0,692.0
343.0,157.0,352.0,158.0,360.0,160.0,369.0,162.0,378.0,165.0,386.0,168.0,395.0,172.0,404.0,176.0,412.0,181.0,421.0,186.0,629.0
340.0,260.0,334.0,260.0,327.0,260.0,321.0,261.0,315.0,262.0,309.0,264.0,303.0,266.0,297.0,269.0,291.0,272.0,284.0,276.0,162.0
398.0,133.0,396.0,128.0,394.0,123.0,392.0,119.0,390.0,116.0,389.0,113.0,387.0,110.0,385.0,108.0,383.0,107.0,381.0,106.0,312.0
287.0,252.0,289.0,252.0,291.0,253.0,292.0,254.0,294.0,256.0,296.0,258.0,297.0,261.0,299.0,265.0,301.0,269.0,302.0,273.0,335.0
247.0,169.0,253.0,167.0,260.0,165.0,266.0,164.0,272.0,163.0,278.0,163.0,285.0,163.0,291.0,164.0,297.0,165.0,304.0,167.0,492.0
329.0,175.0,334.0,172.0,338.0,171.0,343.0,170.0,347.0,169.0,352.0,169.0,356.0,170.0,361.0,171.0,365.0,172.0,370.0,174.0,500.0
256.0,231.0,264.0,230.0,272.0,229.0,280.0,229.0,288.0,229.0,296.0,229.0,303.0,231.0,311.0,233.0,319.0,235.0,327.0,238.0,514.0
378.0,120.0,380.0,120.0,383.0,120.0,386.0,121.0,388.0,122.0,391.0,124.0,394.0,126.0,397.0,129.0,399.0,133.0,402.0,137.0,480.0
216.0,203.0,211.0,204.0,206.0,205.0,201.0,207.0,196.0,210.0,191.0,213.0,186.0,216.0,181.0,220.0,176.0,225.0,171.0,230.0,62.0
310.0,161.0,307.0,162.0,304.0,163.0,301.0,166.0,298.0,168.0,296.0,171.0,293.0,175.0,290.0,179.0,287.0,184.0,284.0,189.0,218.0
297.0,154.0,290.0,149.0,283.0,145.0,275.0,142.0,268.0,138.0,261.0,136.0,254.0,134.0,247.0,132.0,240.0,131.0,232.0,131.0,-30.0
279.0,233.0,272.0,233.0,264.0,233.0,257.0,234.0,249.0,235.0,241.0,237.0,234.0,239.0,226.0,242.0,218.0,246.0,211.0,249.0,43.0
370.0,227.0,364.0,222.0,357.0,217.0,350.0,212.0,344.0,209.0,337.0,205.0,330.0,203.0,324.0,200.0,317.0,199.0,311.0,197.0,87.0
262.0,258.0,261.0,256.0,260.0,255.0,260.0,254.0,259.0,253.0,258.0,253.0,258.0,254.0,257.0,255.0,256.0,256.0,255.0,258.0,238.0
341.0,219.0,334.0,214.0,327.0,210.0,320.0,207.0,313.0,204.0,307.0,202.0,300.0,200.0,293.0,199.0,286.0,198.0,279.0,198.0,62.0
414.0,250.0,410.0,246.0,407.0,242.0,403.0,239.0,399.0,236.0,396.0,233.0,392.0,232.0,388.0,231.0,385.0,230.0,381.0,230.0,270.0
333.0,282.0,330.0,282.0,328.0,282.0,326.0,282.0,323.0,283.0,321.0,284.0,319.0,286.0,316.0,288.0,314.0,291.0,312.0,295.0,266.0
382.0,269.0,381.0,263.0,380.0,258.0,378.0,252.0,377.0,248.0,375.0,244.0,374.0,240.0,372.0,237.0,371.0,235.0,370.0,233.0,323.0
386.0,197.0,391.0,192.0,396.0,188.0,401.0,184.0,406.0,180.0,411.0,178.0,416.0,176.0,421.0,174.0,427.0,173.0,432.0,172.0,603.0
269.0,162.0,267.0,156.0,265.0,151.0,263.0,146.0,261.0,142.0,259.0,138.0,257.0,135.0,255.0,132.0,253.0,130.0,251.0,129.0,175.0
286.0,190.0,288.0,186.0,290.0,183.0,292.0,180.0,295.0,177.0,297.0,175.0,299.0,174.0,301.0,173.0,303.0,173.0,305.0,173.0,375.0
328.0,192.0,318.0,192.0,308.0,192.0,298.0,193.0,289.0,195.0,279.0,197.0,269.0,199.0,259.0,202.0,249.0,206.0,239.0,210.0,4.0
252.0,236.0,250.0,234.0,248.0,231.0,247.0,229.0,245.0,228.0,243.0,227.0,242.0,227.0,240.0,227.0,238.0,228.0,237.0,229.0,190.0
378.0,162.0,385.0,162.0,393.0,163.0,400.0,164.0,408.0,165.0,415.0,167.0,423.0,170.0,430.0,173.0,438.0,176.0,445.0,180.0,640.0
317.0,256.0,316.0,257.0,314.0,259.0,313.0,261.0,311.0,264.0,310.0,268.0,309.0,272.0,307.0,276.0,306.0,281.0,304.0,287.0,279.0
365.0,249.0,372.0,249.0,380.0,250.0,387.0,251.0,395.0,253.0,402.0,256.0,409.0,259.0,417.0,262.0,424.0,266.0,432.0,270.0,580.0
337.0,228.0,336.0,224.0,335.0,220.0,334.0,216.0,333.0,213.0,332.0,211.0,331.0,209.0,330.0,208.0,329.0,207.0,328.0,207.0,297.0
314.0,271.0,324.0,273.0,334.0,275.0,344.0,277.0,353.0,280.0,363.0,284.0,373.0,288.0,383.0,292.0,393.0,297.0,403.0,303.0,560.0
402.0,185.0,404.0,186.0,407.0,187.0,409.0,189.0,412.0,191.0,414.0,194.0,417.0,197.0,420.0,201.0,422.0,205.0,425.0,210.0,483.0
216.0,160.0,215.0,159.0,213.0,159.0,211.0,159.0,210.0,160.0,208.0,161.0,206.0,163.0,204.0,166.0,203.0,169.0,201.0,172.0,155.0
292.0,142.0,288.0,138.0,284.0,135.0,280.0,132.0,275.0,130.0,271.0,129.0,267.0,128.0,262.0,127.0,258.0,127.0,254.0,127.0,104.0
291.0,255.0,298.0,256.0,306.0,258.0,314.0,260.0,321.0,262.0,329.0,265.0,336.0,269.0,344.0,273.0,352.0,278.0,359.0,283.0,497.0
277.0,198.0,273.0,195.0,269.0,193.0,265.0,192.0,261.0,191.0,257.0,190.0,253.0,190.0,249.0,191.0,245.0,192.0,241.0,194.0,124.0
322.0,245.0,316.0,243.0,311.0,240.0,306.0,239.0,300.0,237.0,295.0,237.0,289.0,237.0,284.0,237.0,278.0,238.0,273.0,239.0,126.0
287.0,235.0,293.0,231.0,298.0,228.0,304.0,225.0,309.0,223.0,315.0,221.0,320.0,220.0,326.0,220.0,331.0,220.0,337.0,220.0,497.0
251.0,218.0,250.0,217.0,249.0,216.0,248.0,216.0,248.0,217.0,247.0,218.0,246.0,219.0,245.0,221.0,245.0,224.0,244.0,227.0,225.0
249.0,157.0,239.0,158.0,230.0,160.0,221.0,163.0,211.0,166.0,202.0,169.0,193.0,173.0,183.0,178.0,174.0,183.0,165.0,189.0,-49.0
327.0,148.0,336.0,143.0,344.0,139.0,353.0,135.0,362.0,132.0,370.0,129.0,379.0,127.0,388.0,125.0,396.0,124.0,405.0,124.0,725.0
402.0,213.0,411.0,215.0,421.0,217.0,431.0,219.0,441.0,222.0,451.0,226.0,461.0,230.0,471.0,234.0,481.0,239.0,490.0,245.0,687.0
410.0,270.0,409.0,270.0,408.0,271.0,407.0,272.0,407.0,274.0,406.0,276.0,405.0,279.0,404.0,282.0,403.0,286.0,403.0,290.0,388.0
273.0,182.0,271.0,183.0,269.0,184.0,267.0,186.0,265.0,188.0,263.0,191.0,260.0,194.0,258.0,198.0,256.0,202.0,254.0,207.0,207.0
375.0,152.0,371.0,152.0,366.0,153.0,362.0,154.0,357.0,156.0,353.0,158.0,348.0,160.0,343.0,164.0,339.0,167.0,334.0,172.0,217.0
316.0,210.0,322.0,204.0,328.0,198.0,334.0,192.0,340.0,188.0,346.0,183.0,352.0,179.0,358.0,176.0,364.0,174.0,370.0,171.0,594.0
394.0,141.0,386.0,142.0,377.0,144.0,369.0,146.0,361.0,149.0,353.0,153.0,344.0,156.0,336.0,161.0,328.0,166.0,320.0,171.0,114.0
259.0,227.0,252.0,225.0,245.0,223.0,238.0,221.0,230.0,220.0,223.0,220.0,216.0,220.0,209.0,221.0,202.0,222.0,194.0,224.0,0.0
328.0,122.0,320.0,121.0,311.0,121.0,303.0,121.0,295.0,122.0,286.0,124.0,278.0,125.0,269.0,128.0,261.0,131.0,253.0,134.0,11.0
251.0,226.0,260.0,225.0,269.0,223.0,278.0,222.0,287.0,222.0,295.0,222.0,304.0,223.0,313.0,224.0,322.0,226.0,331.0,228.0,562.0
396.0,148.0,394.0,148.0,392.0,148.0,390.0,149.0,388.0,150.0,386.0,152.0,384.0,155.0,382.0,158.0,380.0,162.0,378.0,166.0,323.0
346.0,170.0,353.0,168.0,359.0,166.0,366.0,165.0,372.0,164.0,379.0,164.0,385.0,165.0,392.0,165.0,398.0,167.0,405.0,169.0,599.0
305.0,222.0,297.0,221.0,288.0,221.0,280.0,221.0,271.0,222.0,263.0,223.0,254.0,225.0,246.0,228.0,237.0,231.0,229.0,234.0,25.0
252.0,218.0,261.0,218.0,270.0,218.0,279.0,218.0,288.0,219.0,297.0,220.0,306.0,222.0,315.0,225.0,324.0,228.0,333.0,231.0,547.0
264.0,118.0,260.0,113.0,256.0,109.0,252.0,104.0,249.0,101.0,245.0,98.0,241.0,95.0,238.0,93.0,234.0,91.0,230.0,90.0,81.0
219.0,132.0,216.0,132.0,213.0,132.0,210.0,132.0,208.0,134.0,205.0,135.0,202.0,137.0,200.0,140.0,197.0,143.0,194.0,147.0,118.0
404.0,185.0,407.0,184.0,410.0,183.0,413.0,183.0,416.0,183.0,419.0,184.0,422.0,185.0,425.0,187.0,428.0,190.0,431.0,193.0,512.0
376.0,151.0,385.0,151.0,394.0,152.0,402.0,153.0,411.0,155.0,420.0,157.0,429.0,160.0,438.0,163.0,446.0,167.0,455.0,171.0,684.0
350.0,252.0,347.0,247.0,345.0,242.0,342.0,239.0,340.0,235.0,337.0,233.0,335.0,230.0,332.0,229.0,329.0,227.0,327.0,227.0,249.0
214.0,254.0,219.0,248.0,223.0,242.0,228.0,237.0,233.0,233.0,237.0,229.0,242.0,225.0,247.0,222.0,251.0,220.0,256.0,218.0,414.0
336.0,166.0,341.0,161.0,345.0,157.0,350.0,153.0,354.0,150.0,359.0,147.0,363.0,145.0,368.0,143.0,372.0,142.0,377.0,141.0,539.0
368.0,262.0,371.0,260.0,375.0,260.0,378.0,260.0,382.0,260.0,385.0,261.0,388.0,263.0,392.0,265.0,395.0,267.0,399.0,270.0,475.0
326.0,236.0,317.0,237.0,309.0,238.0,301.0,239.0,292.0,241.0,284.0,243.0,276.0,246.0,267.0,250.0,259.0,254.0,251.0,259.0,76.0
287.0,158.0,287.0,159.0,286.0,160.0,286.0,162.0,285.0,165.0,285.0,167.0,285.0,171.0,284.0,175.0,284.0,179.0,283.0,184.0,273.0
245.0,273.0,244.0,273.0,242.0,275.0,241.0,277.0,239.0,279.0,238.0,282.0,236.0,286.0,235.0,290.0,233.0,294.0,232.0,299.0,207.0
300.0,128.0,309.0,129.0,318.0,130.0,327.0,133.0,336.0,135.0,345.0,139.0,354.0,142.0,363.0,146.0,372.0,151.0,381.0,157.0,613.0
334.0,282.0,343.0,279.0,352.0,276.0,361.0,274.0,371.0,272.0,380.0,271.0,389.0,270.0,398.0,270.0,408.0,270.0,417.0,271.0,647.0
414.0,146.0,424.0,140.0,433.0,134.0,442.0,129.0,452.0,125.0,461.0,120.0,470.0,117.0,480.0,114.0,489.0,111.0,499.0,109.0,882.0
234.0,138.0,236.0,135.0,239.0,134.0,241.0,133.0,243.0,132.0,246.0,132.0,248.0,133.0,251.0,134.0,253.0,136.0,255.0,138.0,329.0
370.0,276.0,362.0,270.0,354.0,264.0,345.0,258.0,337.0,254.0,329.0,249.0,321.0,245.0,312.0,242.0,304.0,239.0,296.0,237.0,15.0
324.0,143.0,317.0,139.0,311.0,136.0,304.0,133.0,297.0,130.0,290.0,128.0,284.0,127.0,277.0,126.0,270.0,126.0,263.0,126.0,29.0
226.0,284.0,235.0,282.0,244.0,281.0,253.0,281.0,262.0,281.0,271.0,281.0,279.0,282.0,288.0,284.0,297.0,286.0,306.0,289.0,492.0
274.0,274.0,274.0,273.0,273.0,272.0,272.0,272.0,272.0,272.0,271.0,273.0,270.0,275.0,270.0,277.0,269.0,279.0,268.0,282.0,254.0
228.0,150.0,224.0,150.0,219.0,151.0,214.0,152.0,209.0,153.0,205.0,155.0,200.0,158.0,195.0,161.0,190.0,164.0,186.0,168.0,58.0
371.0,192.0,367.0,186.0,362.0,180.0,357.0,175.0,352.0,170.0,347.0,166.0,342.0,162.0,337.0,159.0,332.0,156.0,328.0,154.0,138.0
288.0,220.0,294.0,220.0,300.0,221.0,306.0,222.0,312.0,224.0,318.0,226.0,325.0,229.0,331.0,233.0,337.0,237.0,343.0,241.0,476.0
291.0,284.0,283.0,285.0,274.0,287.0,265.0,289.0,256.0,292.0,248.0,295.0,239.0,299.0,230.0,303.0,222.0,308.0,213.0,313.0,74.0
415.0,135.0,413.0,130.0,411.0,126.0,409.0,122.0,407.0,118.0,405.0,115.0,403.0,113.0,401.0,111.0,399.0,110.0,397.0,109.0,320.0
358.0,233.0,349.0,228.0,340.0,223.0,331.0,218.0,322.0,214.0,313.0,211.0,305.0,208.0,296.0,206.0,287.0,204.0,278.0,203.0,-24.0
230.0,171.0,220.0,166.0,210.0,161.0,201.0,156.0,191.0,152.0,181.0,149.0,172.0,146.0,162.0,144.0,152.0,142.0,142.0,140.0,-225.0
371.0,183.0,365.0,181.0,359.0,180.0,353.0,179.0,347.0,179.0,340.0,180.0,334.0,181.0,328.0,182.0,322.0,184.0,316.0,187.0,144.0
317.0,271.0,324.0,268.0,330.0,267.0,337.0,265.0,343.0,265.0,350.0,264.0,356.0,265.0,363.0,266.0,369.0,267.0,376.0,269.0,532.0
290.0,263.0,293.0,264.0,296.0,265.0,299.0,266.0,302.0,268.0,305.0,270.0,308.0,273.0,311.0,277.0,314.0,281.0,317.0,285.0,374.0
285.0,216.0,292.0,211.0,298.0,206.0,305.0,202.0,311.0,199.0,318.0,196.0,324.0,193.0,331.0,192.0,337.0,190.0,343.0,189.0,562.0
243.0,123.0,243.0,124.0,244.0,125.0,245.0,127.0,245.0,130.0,246.0,133.0,246.0,136.0,247.0,140.0,247.0,145.0,248.0,150.0,263.0
375.0,280.0,372.0,277.0,370.0,275.0,367.0,273.0,365.0,272.0,362.0,271.0,360.0,271.0,357.0,271.0,355.0,272.0,352.0,274.0,293.0
337.0,270.0,333.0,272.0,330.0,274.0,326.0,276.0,323.0,279.0,320.0,282.0,316.0,286.0,313.0,291.0,310.0,296.0,306.0,301.0,253.0
392.0,227.0,383.0,229.0,373.0,231.0,364.0,233.0,354.0,236.0,345.0,240.0,335.0,244.0,326.0,248.0,316.0,253.0,307.0,259.0,126.0
335.0,200.0,328.0,200.0,320.0,201.0,312.0,202.0,305.0,204.0,297.0,206.0,290.0,209.0,282.0,212.0,275.0,215.0,267.0,220.0,94.0
228.0,218.0,221.0,215.0,213.0,213.0,206.0,212.0,199.0,211.0,191.0,211.0,184.0,211.0,176.0,211.0,169.0,213.0,162.0,214.0,-44.0
333.0,134.0,329.0,134.0,325.0,134.0,322.0,134.0,318.0,135.0,314.0,137.0,310.0,139.0,307.0,142.0,303.0,145.0,299.0,149.0,196.0
295.0,286.0,300.0,286.0,305.0,287.0,309.0,288.0,314.0,289.0,319.0,291.0,323.0,294.0,328.0,297.0,332.0,300.0,337.0,304.0,420.0
318.0,182.0,313.0,176.0,308.0,171.0,303.0,167.0,298.0,163.0,293.0,160.0,288.0,157.0,283.0,155.0,278.0,154.0,273.0,152.0,91.0
255.0,211.0,255.0,207.0,256.0,205.0,257.0,202.0,258.0,201.0,258.0,199.0,259.0,199.0,260.0,198.0,261.0,199.0,261.0,200.0,284.0
275.0,246.0,274.0,240.0,273.0,235.0,271.0,229.0,270.0,225.0,269.0,221.0,267.0,217.0,266.0,214.0,265.0,212.0,263.0,210.0,217.0
284.0,203.0,291.0,198.0,297.0,195.0,304.0,192.0,311.0,189.0,317.0,187.0,324.0,185.0,330.0,184.0,337.0,183.0,343.0,183.0,559.0
423.0,213.0,421.0,210.0,420.0,208.0,419.0,206.0,417.0,204.0,416.0,203.0,414.0,202.0,413.0,202.0,412.0,203.0,410.0,204.0,370.0
244.0,227.0,246.0,228.0,248.0,228.0,250.0,229.0,252.0,231.0,253.0,233.0,255.0,236.0,257.0,239.0,259.0,243.0,261.0,247.0,303.0
317.0,183.0,318.0,183.0,319.0,184.0,320.0,185.0,321.0,186.0,322.0,188.0,323.0,191.0,324.0,194.0,325.0,197.0,326.0,201.0,349.0
217.0,234.0,214.0,230.0,212.0,227.0,210.0,224.0,208.0,222.0,206.0,221.0,203.0,220.0,201.0,219.0,199.0,219.0,197.0,219.0,132.0
413.0,132.0,416.0,126.0,420.0,120.0,424.0,116.0,428.0,111.0,432.0,107.0,435.0,104.0,439.0,101.0,443.0,99.0,447.0,97.0,601.0
264.0,279.0,255.0,275.0,246.0,271.0,237.0,267.0,227.0,264.0,218.0,262.0,209.0,260.0,199.0,259.0,190.0,258.0,181.0,257.0,-86.0
242.0,189.0,235.0,183.0,227.0,177.0,220.0,172.0,213.0,167.0,205.0,163.0,198.0,160.0,190.0,157.0,183.0,154.0,176.0,152.0,-103.0
339.0,242.0,349.0,239.0,359.0,237.0,368.0,235.0,378.0,233.0,388.0,232.0,397.0,232.0,407.0,232.0,417.0,233.0,426.0,234.0,687.0
269.0,230.0,272.0,231.0,275.0,233.0,278.0,236.0,281.0,239.0,284.0,242.0,286.0,246.0,289.0,251.0,292.0,256.0,295.0,262.0,351.0
398.0,194.0,400.0,190.0,403.0,185.0,406.0,182.0,409.0,178.0,412.0,176.0,415.0,174.0,418.0,172.0,420.0,171.0,423.0,170.0,520.0
224.0,217.0,220.0,218.0,216.0,220.0,212.0,222.0,208.0,225.0,204.0,229.0,200.0,233.0,195.0,237.0,191.0,242.0,187.0,248.0,104.0
400.0,139.0,396.0,140.0,392.0,142.0,388.0,145.0,385.0,148.0,381.0,151.0,377.0,156.0,373.0,160.0,370.0,165.0,366.0,171.0,276.0
412.0,116.0,406.0,116.0,399.0,116.0,393.0,117.0,387.0,119.0,380.0,120.0,374.0,123.0,367.0,126.0,361.0,129.0,355.0,133.0,170.0
360.0,155.0,368.0,151.0,375.0,147.0,383.0,144.0,391.0,141.0,398.0,138.0,406.0,137.0,414.0,135.0,421.0,135.0,429.0,135.0,703.0
401.0,158.0,394.0,159.0,387.0,159.0,380.0,160.0,372.0,162.0,365.0,164.0,358.0,167.0,351.0,171.0,344.0,174.0,337.0,179.0,153.0
258.0,258.0,254.0,257.0,249.0,257.0,245.0,257.0,240.0,257.0,236.0,258.0,231.0,260.0,227.0,262.0,222.0,264.0,218.0,268.0,119.0
401.0,225.0,401.0,218.0,401.0,213.0,401.0,207.0,401.0,203.0,401.0,198.0,401.0,195.0,401.0,192.0,401.0,189.0,401.0,187.0,404.0
244.0,198.0,240.0,199.0,236.0,201.0,232.0,203.0,228.0,206.0,225.0,209.0,221.0,213.0,217.0,218.0,213.0,223.0,209.0,228.0,130.0
